applicant_id,age_band,province,annual_income,monthly_debt_payments,requested_amount,term_months,employment_type,months_at_address,has_delinquency_12m,thin_file
APP-0001,18-24,MB,29000,265,3500,36,FULL_TIME,20,false,false
APP-0002,25-34,QC,75500,1195,41500,24,FULL_TIME,52,false,false
APP-0003,35-44,SK,74000,2095,46000,24,FULL_TIME,44,false,false
APP-0004,25-34,AB,67000,1060,23500,24,FULL_TIME,43,false,false
APP-0005,25-34,BC,33500,950,7500,36,SELF_EMPLOYED,81,false,false
APP-0006,45-54,ON,102500,3845,22500,36,FULL_TIME,75,true,false
APP-0007,25-34,ON,52000,2255,4000,48,SELF_EMPLOYED,62,false,false
APP-0008,35-44,QC,55000,1240,23000,24,FULL_TIME,43,false,false
APP-0009,35-44,QC,55500,695,23500,24,FULL_TIME,4,false,false
APP-0010,25-34,BC,38000,350,16000,60,SELF_EMPLOYED,90,true,false
APP-0011,25-34,QC,23000,995,3000,24,PART_TIME,27,false,false
APP-0012,25-34,ON,43000,1610,26500,60,FULL_TIME,83,false,false
APP-0013,55-64,ON,76500,380,9000,36,SELF_EMPLOYED,126,false,false
APP-0014,45-54,BC,48000,1240,6000,24,CONTRACT,160,false,false
APP-0015,45-54,BC,57000,285,10500,12,FULL_TIME,70,false,false
APP-0016,25-34,NS,16500,520,3000,36,UNEMPLOYED,66,false,false
APP-0017,55-64,QC,42000,1575,23000,36,FULL_TIME,215,false,true
APP-0018,25-34,ON,34000,680,14500,36,CONTRACT,19,false,false
APP-0019,18-24,ON,23500,530,3000,36,FULL_TIME,50,false,true
APP-0020,18-24,BC,26000,890,3000,60,CONTRACT,43,false,true
APP-0021,35-44,NS,121000,4540,51000,12,FULL_TIME,9,false,false
APP-0022,18-24,ON,23000,595,5000,12,FULL_TIME,8,false,true
APP-0023,25-34,AB,37500,190,4500,36,FULL_TIME,72,false,false
APP-0024,65+,NL,62000,2685,26000,36,FULL_TIME,196,false,false
APP-0025,55-64,ON,73000,910,6000,36,SELF_EMPLOYED,112,true,false
APP-0026,18-24,NB,25500,320,4500,48,SELF_EMPLOYED,22,true,false
APP-0027,25-34,ON,91500,2060,32000,12,FULL_TIME,43,false,false
APP-0028,18-24,QC,21000,720,9000,36,SELF_EMPLOYED,41,false,false
APP-0029,45-54,ON,58500,2535,16500,60,FULL_TIME,19,true,false
APP-0030,45-54,BC,106000,3005,23500,36,FULL_TIME,110,false,false
APP-0031,55-64,AB,43500,1380,12000,60,FULL_TIME,242,false,false
APP-0032,55-64,QC,118500,1085,14000,12,SELF_EMPLOYED,197,false,false
APP-0033,18-24,MB,29000,750,12000,36,FULL_TIME,16,false,true
APP-0034,18-24,SK,31500,290,5500,12,FULL_TIME,10,false,true
APP-0035,35-44,ON,85000,1910,35500,24,FULL_TIME,34,false,false
APP-0036,55-64,PE,112500,2250,9000,36,FULL_TIME,53,false,false
APP-0037,35-44,ON,52000,1645,28500,60,SELF_EMPLOYED,2,false,false
APP-0038,45-54,QC,75000,2125,16500,36,PART_TIME,101,false,false
APP-0039,25-34,NL,89000,2005,7000,36,FULL_TIME,46,false,false
APP-0040,45-54,QC,97000,4205,40500,36,FULL_TIME,31,true,false
APP-0041,25-34,ON,48500,605,20500,24,FULL_TIME,25,false,false
APP-0042,35-44,ON,102000,2890,60000,36,FULL_TIME,153,false,false
APP-0043,18-24,SK,44500,1410,18500,12,FULL_TIME,32,false,false
APP-0044,18-24,QC,44500,890,8000,60,CONTRACT,54,false,false
APP-0045,18-24,QC,22000,440,13500,36,FULL_TIME,13,false,true
APP-0046,55-64,NL,45000,1950,25000,48,FULL_TIME,98,false,false
APP-0047,45-54,ON,144000,4080,11500,36,CONTRACT,10,false,false
APP-0048,25-34,AB,66000,2475,8000,24,FULL_TIME,8,false,false
APP-0049,25-34,QC,54000,270,9500,12,FULL_TIME,18,false,false
APP-0050,45-54,NB,56000,1260,19500,24,FULL_TIME,64,false,false
APP-0051,45-54,ON,48000,1520,23000,60,FULL_TIME,39,false,false
APP-0052,45-54,ON,136500,3525,60000,36,SELF_EMPLOYED,54,false,false
APP-0053,18-24,ON,25500,660,10500,36,FULL_TIME,8,false,false
APP-0054,55-64,AB,61000,1220,13500,36,FULL_TIME,221,false,false
APP-0055,25-34,BC,88500,810,31000,24,FULL_TIME,63,false,false
APP-0056,25-34,MB,48500,1090,10500,36,SELF_EMPLOYED,17,false,false
APP-0057,55-64,BC,98000,2775,41000,24,SELF_EMPLOYED,123,false,false
APP-0058,25-34,ON,73000,2740,13000,24,CONTRACT,49,false,false
APP-0059,25-34,ON,18500,695,5000,60,PART_TIME,90,true,false
APP-0060,35-44,ON,92500,460,26000,36,FULL_TIME,99,false,false
